Date,Gold,Silver,DXY,US10Y,TIPS,SP500,VIX,Miners,Oil
2018-01-05,1320.300048828125,17.204999923706055,91.9499969482422,2.4760000705718994,88.76002502441406,2743.14990234375,9.220000267028809,21.700708389282227,61.43999862670898
2018-01-12,1333.4000244140625,17.069000244140625,90.97000122070312,2.552000045776367,88.33928680419922,2786.239990234375,10.15999984741211,22.01241874694824,64.30000305175781
2018-01-19,1331.9000244140625,16.975000381469727,90.56999969482422,2.63700008392334,88.19902038574219,2810.300048828125,11.270000457763672,21.682371139526367,63.369998931884766
2018-01-26,1351.5999755859375,17.381999969482422,89.06999969482422,2.6619999408721924,88.33150482177734,2872.8701171875,11.079999923706056,22.324132919311523,66.13999938964844
2018-02-02,1333.699951171875,16.676000595092773,89.19999694824219,2.8540000915527344,87.5686264038086,2762.1298828125,17.309999465942383,21.00393486022949,65.44999694824219
2018-02-09,1313.0999755859375,16.115999221801758,90.44000244140624,2.8289999961853027,86.89064025878906,2619.550048828125,29.059999465942383,19.87626838684082,59.20000076293945
2018-02-16,1353.199951171875,16.69499969482422,89.0999984741211,2.877000093460083,87.12444305419922,2732.219970703125,19.459999084472656,20.637216567993164,61.68000030517578
2018-02-23,1328.199951171875,16.47599983215332,89.87999725341797,2.871000051498413,87.20234680175781,2747.300048828125,16.489999771118164,20.14214324951172,63.54999923706055
2018-03-02,1321.0999755859375,16.392000198364258,89.94000244140625,2.8570001125335693,87.41275024414062,2691.25,19.59000015258789,19.702077865600582,61.25
2018-03-09,1322.4000244140625,16.54599952697754,90.08999633789062,2.8940000534057617,87.28810119628906,2786.570068359375,14.640000343322754,19.77542304992676,62.040000915527344
2018-03-16,1311.300048828125,16.20199966430664,90.2300033569336,2.8480000495910645,87.42835998535156,2752.010009765625,15.800000190734863,19.647071838378903,62.34000015258789
2018-03-23,1349.300048828125,16.530000686645508,89.44000244140625,2.8299999237060547,87.7322769165039,2588.260009765625,24.8700008392334,20.2796630859375,65.87999725341797
2018-03-30,1322.800048828125,16.222999572753906,90.1500015258789,2.740999937057495,88.0985107421875,2640.8701171875,19.96999931335449,20.151309967041016,64.94000244140625
2018-04-06,1331.9000244140625,16.332000732421875,90.11000061035156,2.775000095367432,88.18603515625,2604.469970703125,21.489999771118164,20.233821868896484,62.060001373291016
2018-04-13,1344.800048828125,16.628000259399414,89.80000305175781,2.8289999961853027,88.3735122680664,2656.300048828125,17.40999984741211,20.9856014251709,67.38999938964844
2018-04-20,1336.699951171875,17.14699935913086,90.31999969482422,2.950999975204468,87.80318450927734,2670.139892578125,16.8799991607666,20.82057380676269,68.37999725341797
2018-04-27,1320.300048828125,16.4060001373291,91.54000091552734,2.9570000171661377,87.91258239746094,2669.909912109375,15.40999984741211,20.838911056518555,68.0999984741211
2018-05-04,1312.699951171875,16.43400001525879,92.56999969482422,2.944000005722046,87.9742660522461,2663.419921875,14.770000457763672,20.765567779541016,69.72000122070312
2018-05-11,1319.0,16.676000595092773,92.54000091552734,2.970999956130981,87.95073699951172,2727.719970703125,12.649999618530272,20.976428985595703,70.69999694824219
2018-05-18,1290.199951171875,16.386999130249023,93.63999938964844,3.066999912261963,87.3935546875,2712.969970703125,13.420000076293944,20.343839645385746,71.27999877929688
2018-05-25,1303.300048828125,16.481000900268555,94.19000244140624,2.930999994277954,87.8643798828125,2721.330078125,13.220000267028809,20.453855514526367,67.87999725341797
2018-06-01,1294.800048828125,16.38800048828125,94.19000244140624,2.8949999809265137,88.14342498779297,2734.6201171875,13.460000038146973,20.453855514526367,65.80999755859375
2018-06-08,1298.0999755859375,16.694000244140625,93.5500030517578,2.937000036239624,88.08828735351562,2779.030029296875,12.18000030517578,20.49969482421875,65.73999786376953
2018-06-15,1274.5999755859375,16.45199966430664,94.79000091552734,2.924000024795532,88.22209167480469,2779.659912109375,11.979999542236328,20.38050842285156,65.05999755859375
2018-06-22,1267.4000244140625,16.43899917602539,94.5199966430664,2.900000095367432,88.4740219116211,2754.8798828125,13.770000457763672,20.334672927856445,68.58000183105469
2018-06-29,1251.300048828125,16.104000091552734,94.62999725341795,2.8489999771118164,88.84394836425781,2718.3701171875,16.09000015258789,20.453855514526367,74.1500015258789
2018-07-06,1254.300048828125,15.980999946594238,94.04000091552734,2.8310000896453857,89.29513549804688,2759.820068359375,13.369999885559082,20.72889518737793,73.80000305175781
2018-07-13,1239.5999755859375,15.73900032043457,94.75,2.8310000896453857,89.1766128540039,2801.31005859375,12.18000030517578,20.13297462463379,71.01000213623047
2018-07-20,1229.5,15.489999771118164,94.45999908447266,2.8949999809265137,88.59191131591797,2801.830078125,12.859999656677246,19.96794891357422,70.45999908447266
2018-07-27,1222.5999755859375,15.435999870300291,94.68000030517578,2.9600000381469727,88.2837142944336,2818.820068359375,13.029999732971191,19.546220779418945,68.69000244140625
2018-08-03,1214.199951171875,15.406000137329102,95.13999938964844,2.953000068664551,88.37700653076172,2840.35009765625,11.640000343322754,19.399532318115234,68.48999786376953
2018-08-10,1211.0999755859375,15.265999794006348,96.36000061035156,2.8570001125335693,88.77374267578125,2833.280029296875,13.15999984741211,18.849449157714844,67.62999725341797
2018-08-17,1176.5,14.616000175476074,96.0999984741211,2.872999906539917,88.80545043945312,2850.1298828125,12.640000343322754,17.16253662109375,65.91000366210938
2018-08-24,1206.300048828125,14.779000282287598,95.1500015258789,2.825999975204468,89.27363586425781,2874.68994140625,11.989999771118164,17.37339973449707,68.72000122070312
2018-08-31,1200.300048828125,14.437999725341797,95.13999938964844,2.852999925613404,88.94039154052734,2901.52001953125,12.859999656677246,17.006677627563477,69.80000305175781
2018-09-07,1193.5999755859375,14.06700038909912,95.37000274658205,2.941999912261963,88.55497741699219,2871.679931640625,14.880000114440918,16.392419815063477,67.75
2018-09-14,1195.0,14.041999816894531,94.9800033569336,2.99399995803833,88.18870544433594,2904.97998046875,12.06999969482422,16.484100341796875,68.98999786376953
2018-09-21,1196.199951171875,14.269000053405762,94.22000122070312,3.068000078201294,88.05338287353516,2929.669921875,11.68000030517578,17.21754264831543,70.77999877929688
2018-09-28,1191.5,14.623000144958496,95.19000244140624,3.055999994277954,88.07723999023438,2913.97998046875,12.119999885559082,16.979177474975586,73.25
2018-10-05,1201.199951171875,14.569000244140623,95.62000274658205,3.2249999046325684,87.08187866210938,2885.570068359375,14.81999969482422,17.098358154296875,74.33999633789062
2018-10-12,1218.0999755859375,14.564000129699709,95.22000122070312,3.1410000324249268,87.2093734741211,2767.1298828125,21.309999465942383,18.106840133666992,71.33999633789062
2018-10-19,1225.300048828125,14.57900047302246,95.70999908447266,3.197999954223633,86.9224853515625,2767.780029296875,19.88999938964844,18.3452091217041,69.12000274658203
2018-10-26,1232.5,14.635000228881836,96.36000061035156,3.07699990272522,87.2572021484375,2658.68994140625,24.15999984741211,17.474245071411133,67.58999633789062
2018-11-02,1230.9000244140625,14.70699977874756,96.54000091552734,3.21399998664856,86.36510467529297,2723.06005859375,19.51000022888184,17.996826171875,63.13999938964844
2018-11-09,1206.4000244140625,14.102999687194824,96.91000366210938,3.188999891281128,86.64429473876953,2781.010009765625,17.360000610351562,17.455913543701172,60.18999862670898
2018-11-16,1220.800048828125,14.357999801635742,96.47000122070312,3.0739998817443848,87.19466400146484,2736.27001953125,18.13999938964844,17.767623901367188,56.459999084472656
2018-11-23,1221.0,14.220999717712402,96.91999816894533,3.053999900817871,86.85164642333984,2632.56005859375,21.520000457763672,17.74928855895996,50.41999816894531
2018-11-30,1220.199951171875,14.093999862670898,97.2699966430664,3.013000011444092,87.15475463867188,2760.169921875,18.06999969482422,17.501752853393555,50.93000030517578
2018-12-07,1246.800048828125,14.571999549865724,96.51000213623048,2.8499999046325684,87.71786499023438,2633.080078125,23.229999542236328,18.5194034576416,52.61000061035156
2018-12-14,1237.0,14.512999534606934,97.44000244140624,2.8910000324249268,87.10282135009766,2599.949951171875,21.6299991607666,18.446060180664062,51.20000076293945
2018-12-21,1253.800048828125,14.583000183105469,96.95999908447266,2.7920000553131104,87.3458251953125,2416.6201171875,30.11000061035156,18.838584899902344,45.59000015258789
2018-12-28,1279.9000244140625,15.326000213623049,96.38999938964844,2.736000061035156,87.55382537841797,2485.739990234375,28.34000015258789,18.986047744750977,45.33000183105469
2019-01-04,1282.699951171875,15.69499969482422,96.19000244140624,2.6589999198913574,88.08187103271484,2531.93994140625,21.3799991607666,19.63120651245117,47.959999084472656
2019-01-11,1287.0999755859375,15.57699966430664,95.66999816894533,2.700999975204468,88.22589111328125,2596.260009765625,18.190000534057617,19.428443908691406,51.59000015258789
2019-01-18,1281.300048828125,15.329999923706056,96.33999633789062,2.7839999198913574,87.8018798828125,2670.7099609375,17.799999237060547,18.71876716613769,53.79999923706055
2019-01-25,1297.4000244140625,15.638999938964844,95.79000091552734,2.753000020980835,87.75384521484375,2664.760009765625,17.420000076293945,19.52060890197754,53.68999862670898
2019-02-01,1316.9000244140625,15.880000114440918,95.58000183105467,2.690999984741211,88.55393981933594,2706.530029296875,16.139999389648438,20.80170249938965,55.2599983215332
2019-02-08,1313.699951171875,15.77299976348877,96.63999938964844,2.631999969482422,88.61792755126953,2707.8798828125,15.720000267028809,20.589723587036133,52.720001220703125
2019-02-15,1318.0999755859375,15.722999572753906,96.91999816894533,2.66599988937378,88.68193054199219,2775.60009765625,14.90999984741211,20.67267417907715,55.59000015258789
2019-02-22,1329.199951171875,15.907999992370604,96.51000213623048,2.6549999713897705,89.00196838378906,2792.669921875,13.510000228881836,21.25331687927246,57.2599983215332
2019-03-01,1296.4000244140625,15.168999671936035,96.52999877929688,2.755000114440918,88.53794860839844,2803.68994140625,13.56999969482422,19.999868392944336,55.79999923706055
2019-03-08,1297.0,15.272000312805176,97.37000274658205,2.625,89.0660171508789,2743.070068359375,16.049999237060547,20.617374420166016,56.06999969482422
2019-03-15,1301.800048828125,15.253000259399414,96.5999984741211,2.5929999351501465,89.61006927490234,2822.47998046875,12.880000114440918,20.5528621673584,58.52000045776367
2019-03-22,1311.5999755859375,15.345000267028809,96.6500015258789,2.4549999237060547,90.37812042236328,2800.7099609375,16.479999542236328,20.99525451660156,59.040000915527344
2019-03-29,1293.0,15.0600004196167,97.27999877929688,2.4140000343322754,90.46614074707033,2834.39990234375,13.710000038146973,20.66345977783203,60.13999938964844
2019-04-05,1290.4000244140625,15.04300022125244,97.4000015258789,2.500999927520752,90.10612487792967,2892.739990234375,12.81999969482422,20.67267417907715,63.08000183105469
2019-04-12,1290.5999755859375,14.920000076293944,96.97000122070312,2.559999942779541,90.05812072753906,2907.409912109375,12.010000228881836,20.469911575317383,63.88999938964844
2019-04-19,1271.9000244140625,14.937000274658203,97.47000122070312,2.559999942779541,90.13811492919922,2905.030029296875,12.09000015258789,19.66807174682617,64.0
2019-04-26,1284.9000244140625,15.001999855041504,98.01000213623048,2.505000114440918,90.77021026611328,2939.8798828125,12.729999542236328,19.63120651245117,63.29999923706055
2019-05-03,1279.199951171875,14.906999588012695,97.5199966430664,2.5309998989105225,90.35002136230467,2945.639892578125,12.869999885559082,18.70033836364746,61.93999862670898
2019-05-10,1285.699951171875,14.72599983215332,97.33000183105467,2.4549999237060547,90.65416717529295,2881.39990234375,16.040000915527344,18.69112205505371,61.65999984741211
2019-05-17,1274.5,14.347999572753906,98.0,2.3929998874664307,90.86227416992188,2859.530029296875,15.960000038146973,19.124298095703125,62.7599983215332
2019-05-24,1283.0,14.520000457763672,97.61000061035156,2.3239998817443848,91.16638946533205,2826.06005859375,15.850000381469728,18.958396911621094,58.630001068115234
2019-05-31,1305.800048828125,14.529999732971191,97.75,2.1419999599456787,92.25484466552734,2752.06005859375,18.709999084472656,19.89848518371582,53.5
2019-06-07,1341.199951171875,14.994000434875488,96.61000061035156,2.0840001106262207,92.6564483642578,2873.340087890625,16.299999237060547,21.09663391113281,53.9900016784668
2019-06-14,1340.0999755859375,14.781999588012695,97.56999969482422,2.0929999351501465,91.97235107421876,2886.97998046875,15.279999732971191,21.50216293334961,52.5099983215332
2019-06-21,1396.199951171875,15.27299976348877,96.22000122070312,2.068000078201294,92.8093719482422,2950.4599609375,15.399999618530272,23.2348690032959,57.43000030517578
2019-06-28,1409.699951171875,15.253000259399414,96.12999725341795,2.0,92.9461669921875,2941.760009765625,15.079999923706056,23.557449340820312,58.470001220703125
2019-07-05,1396.699951171875,14.91800022125244,97.25,2.0480000972747803,92.76171875,2990.409912109375,13.279999732971191,23.400768280029297,57.5099983215332
2019-07-12,1409.9000244140625,15.16100025177002,96.80999755859376,2.1059999465942383,92.90733337402344,3013.77001953125,12.390000343322754,24.156524658203125,60.209999084472656
2019-07-19,1425.0999755859375,16.117000579833984,97.1500015258789,2.0480000972747803,93.2309799194336,2976.610107421875,14.449999809265137,25.78784942626953,55.630001068115234
2019-07-26,1418.5,16.325000762939453,98.01000213623048,2.0810000896453857,93.03678894042967,3025.860107421875,12.15999984741211,25.142690658569336,56.20000076293945
2019-08-02,1445.5999755859375,16.222000122070312,98.0999984741211,1.8550000190734863,93.64456939697266,2932.050048828125,17.610000610351562,25.594301223754883,55.65999984741211
2019-08-09,1496.5999755859375,16.89699935913086,97.48999786376952,1.7339999675750732,94.51232147216795,2918.64990234375,17.969999313354492,27.059728622436523,54.5
2019-08-16,1512.5,17.09600067138672,98.13999938964844,1.5390000343322754,95.06375885009766,2888.679931640625,18.46999931335449,26.06434440612793,54.869998931884766
2019-08-23,1526.5999755859375,17.395000457763672,97.63999938964844,1.527999997138977,95.19355010986328,2847.110107421875,19.8700008392334,27.317790985107425,54.16999816894531
2019-08-30,1519.0999755859375,18.184999465942383,98.91999816894533,1.50600004196167,95.41252899169922,2926.4599609375,18.979999542236328,27.520557403564453,55.09999847412109
2019-09-06,1506.199951171875,17.968000411987305,98.38999938964844,1.5499999523162842,95.18448638916016,2978.7099609375,15.0,26.248676300048828,56.52000045776367
2019-09-13,1490.9000244140625,17.43600082397461,98.26000213623048,1.902999997138977,93.42377471923828,3007.389892578125,13.739999771118164,24.55282974243164,54.84999847412109
2019-09-20,1507.300048828125,17.738000869750977,98.51000213623048,1.7549999952316284,94.5191650390625,2992.070068359375,15.31999969482422,26.44222068786621,58.09000015258789
2019-09-27,1499.0999755859375,17.552000045776367,99.11000061035156,1.6749999523162842,94.27574157714844,2961.7900390625,17.219999313354492,25.299373626708984,55.90999984741211
2019-10-04,1506.199951171875,17.540000915527344,98.80999755859376,1.5149999856948853,95.13389587402344,2952.010009765625,17.040000915527344,25.686464309692383,52.810001373291016
2019-10-11,1482.699951171875,17.461999893188477,98.3000030517578,1.7519999742507937,93.99600982666016,2970.27001953125,15.579999923706056,24.856979370117188,54.70000076293945
2019-10-18,1488.199951171875,17.50200080871582,97.27999877929688,1.746999979019165,94.256103515625,2986.199951171875,14.25,24.995227813720703,53.77999877929688
2019-10-25,1499.5,17.861000061035156,97.83000183105467,1.8009999990463257,94.37799072265624,3022.550048828125,12.649999618530272,25.566650390625,56.65999984741211
2019-11-01,1508.0,18.003999710083008,97.23999786376952,1.7280000448226929,94.46745300292967,3066.909912109375,12.300000190734863,25.81549835205078,56.20000076293945
2019-11-08,1461.300048828125,16.783000946044922,98.3499984741211,1.932999968528748,93.9390640258789,3093.080078125,12.06999969482422,24.17495346069336,57.2400016784668
2019-11-15,1467.300048828125,16.933000564575195,98.0,1.8339999914169312,94.1585693359375,3120.4599609375,12.050000190734863,24.64499855041504,57.720001220703125
2019-11-22,1463.0999755859375,16.985000610351562,98.2699966430664,1.77400004863739,94.70318603515624,3110.2900390625,12.34000015258789,24.663429260253903,57.77000045776367
2019-11-29,1465.5999755859375,16.9689998626709,98.2699966430664,1.7760000228881836,94.60568237304688,3140.97998046875,12.619999885559082,24.95836067199707,55.16999816894531
2019-12-06,1459.0999755859375,16.481000900268555,97.6999969482422,1.8420000076293943,94.78791046142578,3145.909912109375,13.619999885559082,24.856979370117188,59.20000076293945
2019-12-13,1475.5999755859375,16.91200065612793,97.16999816894533,1.819000005722046,95.04010772705078,3168.800048828125,12.630000114440918,25.5482177734375,60.06999969482422
2019-12-20,1474.699951171875,17.128000259399414,97.70999908447266,1.9170000553131104,94.94989013671876,3221.219970703125,12.510000228881836,25.00444221496582,60.43999862670898
2019-12-27,1513.800048828125,17.849000930786133,96.91999816894533,1.8739999532699585,94.9987564086914,3240.02001953125,13.43000030517578,26.79677391052246,61.720001220703125
2020-01-03,1549.199951171875,18.06800079345703,96.83999633789062,1.787999987602234,95.83759307861328,3234.85009765625,14.020000457763672,27.07522964477539,63.04999923706055
2020-01-10,1557.5,18.03300094604492,97.36000061035156,1.825000047683716,95.48741149902344,3265.35009765625,12.5600004196167,26.40693664550781,59.040000915527344
2020-01-17,1558.800048828125,18.01300048828125,97.61000061035156,1.8359999656677248,95.36524963378906,3329.6201171875,12.100000381469728,26.379091262817383,58.540000915527344
2020-01-24,1571.0999755859375,18.05699920654297,97.8499984741211,1.680999994277954,96.01676177978516,3295.469970703125,14.5600004196167,27.12163734436035,54.18999862670898
2020-01-31,1582.9000244140625,17.972000122070312,97.38999938964844,1.5199999809265137,96.96146392822266,3225.52001953125,18.84000015258789,26.90815544128418,51.560001373291016
2020-02-07,1568.5999755859375,17.665000915527344,98.68000030517578,1.5779999494552612,96.6003189086914,3327.7099609375,15.470000267028809,25.92427635192871,50.31999969482422
2020-02-14,1582.699951171875,17.71500015258789,99.12000274658205,1.5880000591278076,96.64105987548828,3380.159912109375,13.68000030517578,26.276988983154297,52.04999923706055
2020-02-21,1644.5999755859375,18.520999908447266,99.26000213623048,1.4709999561309814,97.17913818359376,3337.75,17.079999923706055,28.448945999145508,53.380001068115234
2020-02-28,1564.0999755859375,16.386999130249023,98.12999725341795,1.1269999742507937,97.85578918457033,2954.219970703125,40.11000061035156,24.33707427978516,44.7599983215332
2020-03-06,1670.800048828125,17.214000701904297,95.9499969482422,0.7059999704360962,99.90206909179688,2972.3701171875,41.93999862670898,27.297996520996094,41.27999877929688
2020-03-13,1515.699951171875,14.456000328063965,98.75,0.9509999752044678,93.0375747680664,2711.02001953125,57.83000183105469,17.63556480407715,31.729999542236328
2020-03-20,1484.0,12.348999977111816,102.81999969482422,0.9380000233650208,94.4561538696289,2304.919921875,66.04000091552734,19.07425308227539,22.43000030517578
2020-03-27,1623.9000244140625,14.498000144958496,98.37000274658205,0.7490000128746033,98.03512573242188,2541.469970703125,65.54000091552734,22.619930267333984,21.51000022888184
2020-04-03,1633.699951171875,14.435999870300291,100.58000183105467,0.5870000123977661,99.06350708007812,2488.64990234375,46.79999923706055,23.158279418945312,28.34000015258789
2020-04-10,1736.199951171875,15.994999885559082,99.5199966430664,0.7289999723434448,99.22679138183594,2789.820068359375,41.66999816894531,26.871028900146484,22.76000022888184
2020-04-17,1689.199951171875,15.237000465393066,99.77999877929688,0.6539999842643738,98.46746826171876,2874.56005859375,38.150001525878906,27.789934158325195,18.270000457763672
2020-04-24,1723.5,15.253999710083008,100.37999725341795,0.5960000157356262,99.76565551757812,2836.739990234375,35.93000030517578,31.49340438842773,16.940000534057617
2020-05-01,1694.5,14.86299991607666,98.8000030517578,0.6420000195503235,99.04554748535156,2830.7099609375,37.18999862670898,30.89936637878418,19.780000686645508
2020-05-08,1709.9000244140625,15.739999771118164,99.7300033569336,0.6819999814033508,99.36473083496094,2929.800048828125,27.979999542236328,32.35661315917969,24.739999771118164
2020-05-15,1753.4000244140625,17.04599952697754,100.4000015258789,0.6399999856948853,99.48751068115234,2863.699951171875,31.88999938964844,33.943817138671875,29.43000030517578
2020-05-22,1734.5999755859375,17.663999557495117,99.86000061035156,0.6570000052452087,99.61026000976562,2955.449951171875,28.15999984741211,32.99706268310547,33.25
2020-05-29,1736.9000244140625,18.440000534057617,98.33999633789062,0.6480000019073486,99.69210052490234,3044.31005859375,27.51000022888184,31.85539436340332,35.4900016784668
2020-06-05,1676.199951171875,17.44300079345703,96.94000244140624,0.9039999842643738,98.88179779052734,3193.929931640625,24.520000457763672,30.12896728515625,39.54999923706055
2020-06-12,1729.300048828125,17.461999893188477,97.31999969482422,0.6990000009536743,99.71666717529295,3041.31005859375,36.09000015258789,30.29604148864746,36.2599983215332
2020-06-19,1745.9000244140625,17.832000732421875,97.62000274658205,0.6970000267028809,100.28964233398438,3097.739990234375,35.119998931884766,31.140687942504883,39.75
2020-06-26,1772.5,18.02300071716309,97.5,0.6359999775886536,100.72344207763672,3009.050048828125,34.72999954223633,32.66291809082031,38.4900016784668
2020-07-03,1784.0,18.24399948120117,97.31999969482422,0.6690000295639038,101.0180892944336,3130.010009765625,27.68000030517578,33.57254409790039,40.650001525878906
2020-07-10,1798.199951171875,18.982999801635746,96.6500015258789,0.6330000162124634,101.21450805664062,3185.0400390625,27.290000915527344,35.64240646362305,40.54999923706055
2020-07-17,1808.300048828125,19.684999465942383,95.94000244140624,0.628000020980835,101.78746032714844,3224.72998046875,25.68000030517578,36.48705673217773,40.59000015258789
2020-07-24,1897.300048828125,22.808000564575195,94.44000244140624,0.5889999866485596,102.18033599853516,3215.6298828125,25.84000015258789,38.82608795166016,41.290000915527344
2020-07-31,1962.800048828125,24.18899917602539,93.48999786376952,0.5360000133514404,103.0151824951172,3271.1201171875,24.459999084472656,39.85637664794922,40.27000045776367
2020-08-07,2010.0999755859373,27.53300094604492,93.44000244140624,0.5619999766349792,103.26892852783205,3351.280029296875,22.209999084472656,39.67073822021485,41.220001220703125
2020-08-14,1937.0,26.065000534057617,93.0999984741211,0.7089999914169312,102.54866790771484,3372.85009765625,22.049999237060547,37.45236587524414,42.0099983215332
2020-08-21,1934.5999755859373,26.707000732421875,93.25,0.6399999856948853,103.17073059082033,3397.159912109375,22.540000915527344,37.953590393066406,42.34000015258789
2020-08-28,1964.5999755859373,27.61000061035156,92.37000274658205,0.7289999723434448,103.46538543701172,3508.010009765625,22.959999084472656,38.94674682617188,42.970001220703125
2020-09-04,1923.9000244140625,26.576000213623047,92.72000122070312,0.7210000157356262,103.35079193115234,3426.9599609375,30.75,37.92573928833008,39.77000045776367
2020-09-11,1937.800048828125,26.73900032043457,93.33000183105467,0.6690000295639038,103.53904724121094,3340.969970703125,26.8700008392334,38.20419692993164,37.33000183105469
2020-09-18,1952.0999755859373,27.027999877929688,92.93000030517578,0.6940000057220459,103.51446533203124,3319.469970703125,25.82999992370605,38.38983917236328,41.11000061035156
2020-09-25,1857.699951171875,23.01700019836425,94.58000183105467,0.6589999794960022,103.46538543701172,3298.4599609375,26.3799991607666,35.66096496582031,40.25
2020-10-02,1900.199951171875,23.97100067138672,93.83999633789062,0.6959999799728394,103.53656768798828,3348.419921875,27.6299991607666,36.17146682739258,37.04999923706055
2020-10-09,1919.5,25.069000244140625,93.05999755859376,0.7749999761581421,103.6761703491211,3477.139892578125,25.0,37.85149002075195,40.59999847412109
2020-10-16,1900.800048828125,24.36899948120117,93.68000030517578,0.7440000176429749,103.7500991821289,3483.81005859375,27.40999984741211,36.96971130371094,40.880001068115234
2020-10-23,1902.0,24.62700080871582,92.7699966430664,0.8410000205039978,103.3477020263672,3465.389892578125,27.549999237060547,36.0322380065918,39.84999847412109
2020-10-30,1877.4000244140625,23.617000579833984,94.04000091552734,0.8600000143051147,102.83855438232422,3269.9599609375,38.02000045776367,34.797752380371094,35.790000915527344
2020-11-06,1950.300048828125,25.645999908447266,92.2300033569336,0.8199999928474426,102.91925048828124,3509.43994140625,24.86000061035156,38.44552612304688,37.13999938964844
2020-11-13,1885.699951171875,24.75900077819824,92.76000213623048,0.8930000066757202,103.18270874023438,3585.14990234375,23.100000381469727,35.2804069519043,40.130001068115234
2020-11-20,1872.5999755859373,24.347999572753903,92.38999938964844,0.8289999961853027,103.5860824584961,3557.5400390625,23.700000762939453,33.321929931640625,42.150001525878906
2020-11-27,1781.9000244140625,22.55299949645996,91.79000091552734,0.8420000076293945,103.9648208618164,3638.35009765625,20.84000015258789,31.771860122680664,45.52999877929688
2020-12-04,1835.9000244140625,24.202999114990234,90.6999969482422,0.968999981880188,103.98365020751952,3699.1201171875,20.790000915527344,32.7743034362793,46.2599983215332
2020-12-11,1839.800048828125,24.03199958801269,90.9800033569336,0.8930000066757202,104.52758026123048,3663.4599609375,23.309999465942383,32.56081771850586,46.56999969482422
2020-12-18,1885.699951171875,25.948999404907227,90.0199966430664,0.9480000138282776,104.71961975097656,3709.409912109375,21.56999969482422,33.953102111816406,49.09999847412109
2020-12-25,1879.9000244140625,25.81100082397461,90.33000183105467,0.9279999732971193,104.8927230834961,3703.06005859375,21.530000686645508,33.61720657348633,48.22999954223633
2021-01-01,1893.0999755859373,26.332000732421875,89.94000244140625,0.9169999957084656,105.22245025634766,3756.070068359375,22.75,33.607879638671875,48.52000045776367
2021-01-08,1834.0999755859373,24.582000732421875,90.0999984741211,1.1050000190734863,104.5135498046875,3824.679931640625,21.559999465942383,34.07439422607422,52.2400016784668
2021-01-15,1829.300048828125,24.825000762939453,90.77999877929688,1.097000002861023,104.8267593383789,3768.25,24.34000015258789,32.19899368286133,52.36000061035156
2021-01-22,1855.699951171875,25.52400016784668,90.23999786376952,1.090999960899353,105.32136535644533,3841.469970703125,21.90999984741211,32.87078094482422,52.27000045776367
2021-01-29,1847.300048828125,26.89999961853028,90.58000183105467,1.093000054359436,105.50270080566406,3714.239990234375,33.09000015258789,32.19899368286133,52.20000076293945
2021-02-05,1810.9000244140625,27.013999938964844,91.04000091552734,1.1699999570846558,105.2718734741211,3886.830078125,20.8700008392334,32.29230117797852,56.84999847412109
2021-02-12,1821.5999755859373,27.32299995422364,90.4800033569336,1.2000000476837158,105.22245025634766,3934.830078125,19.96999931335449,32.45091247558594,59.470001220703125
2021-02-19,1775.800048828125,27.25200080871582,90.36000061035156,1.3450000286102295,103.78816986083984,3906.7099609375,22.049999237060547,30.547527313232425,59.2400016784668
2021-02-26,1728.0999755859375,26.402000427246094,90.93000030517578,1.4600000381469729,103.72219848632812,3811.14990234375,27.950000762939453,29.045339584350582,61.5
2021-03-05,1698.0,25.256999969482425,91.9800033569336,1.5540000200271606,103.2440948486328,3841.93994140625,24.65999984741211,29.65181350708008,66.08999633789062
2021-03-12,1719.5,25.8799991607666,91.68000030517578,1.6349999904632568,103.06278228759766,3943.340087890625,20.690000534057617,30.864761352539062,65.61000061035156
2021-03-19,1741.4000244140625,26.29199981689453,91.91999816894533,1.7319999933242798,102.9555892944336,3913.10009765625,20.950000762939453,31.62051582336425,61.41999816894531
2021-03-26,1732.199951171875,25.09199905395508,92.7699966430664,1.659999966621399,103.8870849609375,3974.5400390625,18.86000061035156,30.57551956176757,60.970001220703125
2021-04-02,1726.5,24.934999465942383,92.93000030517578,1.6790000200271606,103.74767303466795,4019.8701171875,17.329999923706055,31.34993553161621,61.45000076293945
2021-04-09,1743.300048828125,25.31100082397461,92.16000366210938,1.6660000085830688,103.58238983154295,4128.7998046875,16.690000534057617,32.40426254272461,59.31999969482422
2021-04-16,1779.0,26.099000930786133,91.55999755859376,1.5729999542236328,104.50782012939452,4185.47021484375,16.25,33.61720657348633,63.130001068115234
2021-04-23,1777.0,26.07699966430664,90.86000061035156,1.5670000314712524,104.66482543945312,4180.169921875,17.329999923706055,33.645198822021484,62.13999938964844
2021-04-30,1767.300048828125,25.85300064086914,91.27999877929688,1.63100004196167,104.9292221069336,4181.169921875,18.61000061035156,32.05904006958008,63.58000183105469
2021-05-07,1831.0999755859373,27.46199989318848,90.2300033569336,1.5770000219345093,106.00363159179688,4232.60009765625,16.690000534057617,34.91411590576172,64.9000015258789
2021-05-14,1837.9000244140625,27.35300064086914,90.31999969482422,1.6349999904632568,105.98702239990234,4173.85009765625,18.809999465942383,35.30599594116211,65.37000274658203
2021-05-21,1876.699951171875,27.472999572753903,90.0199966430664,1.631999969482422,105.63028717041016,4155.85986328125,20.14999961853028,36.65890121459961,63.58000183105469
2021-05-28,1902.5,27.99300003051757,90.02999877929688,1.5809999704360962,106.00363159179688,4204.10986328125,16.760000228881836,36.78018951416016,66.31999969482422
2021-06-04,1889.800048828125,27.878999710083008,90.13999938964844,1.559999942779541,106.32977294921876,4229.89013671875,16.420000076293945,36.08974838256836,69.62000274658203
2021-06-11,1877.4000244140625,28.131000518798828,90.55999755859376,1.462000012397766,106.4882354736328,4247.43994140625,15.649999618530272,35.716529846191406,70.91000366210938
2021-06-18,1767.9000244140625,25.95800018310547,92.2300033569336,1.4500000476837158,106.07953643798828,4166.4501953125,20.700000762939453,31.844444274902344,71.63999938964844
2021-06-25,1776.5999755859375,26.082000732421875,91.80999755859376,1.5360000133514404,106.4131851196289,4280.7001953125,15.619999885559082,32.05904006958008,74.05000305175781
2021-07-02,1782.5999755859375,26.481000900268555,92.2300033569336,1.430999994277954,107.3284149169922,4352.33984375,15.06999969482422,32.115020751953125,75.16000366210938
2021-07-09,1810.0,26.211000442504883,92.12999725341795,1.3559999465942385,107.4040069580078,4369.5498046875,16.18000030517578,32.0683708190918,74.55999755859375
2021-07-16,1814.5,25.777000427246094,92.69000244140624,1.2999999523162842,108.30229949951172,4327.16015625,18.450000762939453,31.64850425720215,71.80999755859375
2021-07-23,1801.4000244140625,25.218000411987305,92.91000366210938,1.2860000133514404,108.83961486816406,4411.7900390625,17.200000762939453,30.93006896972656,72.06999969482422
2021-07-30,1812.5999755859373,25.527999877929688,92.16999816894533,1.2389999628067017,109.62884521484376,4395.259765625,18.239999771118164,32.581539154052734,73.94999694824219
2021-08-06,1760.0,24.312000274658203,92.8000030517578,1.2899999618530271,108.9252700805664,4436.52001953125,16.149999618530273,31.0140438079834,68.27999877929688
2021-08-13,1775.199951171875,23.76799964904785,92.5199966430664,1.2970000505447388,109.2040023803711,4468.0,15.449999809265137,30.62216567993164,68.44000244140625
2021-08-20,1781.0,23.104999542236328,93.5,1.2599999904632568,108.7394790649414,4441.669921875,18.559999465942383,28.78409194946289,62.31999969482422
2021-08-27,1816.5999755859373,24.059999465942383,92.69000244140624,1.312000036239624,109.78673553466795,4509.3701171875,16.389999389648438,30.426231384277344,68.73999786376953
2021-09-03,1830.9000244140625,24.761999130249023,92.04000091552734,1.3220000267028809,109.38597869873048,4535.43017578125,16.40999984741211,31.05136489868164,69.29000091552734
2021-09-10,1789.5999755859375,23.854999542236328,92.58000183105467,1.340999960899353,109.82820892333984,4458.580078125,20.950000762939453,29.39056205749512,69.72000122070312
2021-09-17,1749.4000244140625,22.295000076293945,93.1999969482422,1.3700000047683716,109.45402526855467,4432.990234375,20.809999465942383,28.53217315673828,71.97000122070312
2021-09-24,1749.699951171875,22.38800048828125,93.33000183105467,1.4600000381469729,108.7056121826172,4455.47998046875,17.75,27.692440032958984,73.9800033569336
2021-10-01,1757.0,22.51000022888184,94.04000091552734,1.4789999723434448,109.06610870361328,4357.0400390625,21.100000381469727,27.365880966186523,75.87999725341797
2021-10-08,1756.300048828125,22.679000854492188,94.06999969482422,1.6050000190734863,109.04049682617188,4391.33984375,18.770000457763672,28.616146087646484,79.3499984741211
2021-10-15,1767.199951171875,23.327999114990234,93.94000244140624,1.5759999752044678,109.70613098144533,4471.3701171875,16.299999237060547,30.34225845336914,82.27999877929688
2021-10-22,1795.5,24.429000854492188,93.61000061035156,1.6549999713897705,109.87678527832033,4544.89990234375,15.43000030517578,30.78078842163086,83.76000213623047
2021-10-29,1783.0,23.94499969482422,94.12000274658205,1.5570000410079956,109.79998016357422,4605.3798828125,16.260000228881836,29.58650016784668,83.56999969482422
2021-11-05,1816.4000244140625,24.152000427246094,94.31999969482422,1.4529999494552612,110.75837707519533,4697.52978515625,16.479999542236328,30.556854248046875,81.2699966430664
2021-11-12,1867.9000244140625,25.3439998626709,95.12999725341795,1.5820000171661377,111.3989486694336,4682.85009765625,16.290000915527344,32.44158172607422,80.79000091552734
2021-11-19,1851.199951171875,24.780000686645508,96.06999969482422,1.5360000133514404,111.33917999267578,4697.9599609375,17.90999984741211,31.415246963500977,76.0999984741211
2021-11-26,1785.300048828125,23.10700035095215,96.08999633789062,1.4819999933242798,110.90355682373048,4594.6201171875,28.6200008392334,29.969043731689453,68.1500015258789
2021-12-03,1782.0,22.44499969482422,96.12000274658205,1.343000054359436,110.96024322509766,4538.43017578125,30.670000076293945,28.63480758666992,66.26000213623047
2021-12-10,1782.9000244140625,22.15999984741211,96.0500030517578,1.4889999628067017,109.985107421875,4712.02001953125,18.690000534057617,28.448198318481445,71.66999816894531
2021-12-17,1803.800048828125,22.506999969482425,96.56999969482422,1.4019999504089355,110.07723999023438,4620.64013671875,21.56999969482422,29.045339584350582,70.86000061035156
2021-12-24,1811.199951171875,22.93099975585937,96.0199966430664,1.493000030517578,110.36124420166016,4725.7900390625,17.959999084472656,29.714630126953125,73.79000091552734
2021-12-31,1827.5,23.327999114990234,95.66999816894533,1.5119999647140503,111.1960678100586,4766.18017578125,17.219999313354492,30.407655715942383,75.20999908447266
2022-01-07,1797.0,22.393999099731445,95.73999786376952,1.7710000276565552,108.63995361328124,4677.02978515625,18.76000022888184,28.489973068237305,78.9000015258789
2022-01-14,1816.5,22.910999298095703,95.16999816894533,1.7719999551773071,108.36454010009766,4662.85009765625,19.190000534057617,29.40134620666504,83.81999969482422
2022-01-21,1831.800048828125,24.31399917602539,95.63999938964844,1.746999979019165,108.4247589111328,4397.93994140625,28.850000381469727,30.04690361022949,85.13999938964844
2022-01-28,1784.9000244140625,22.302000045776367,97.2699966430664,1.781999945640564,108.61412048339844,4431.85009765625,27.65999984741211,27.815933227539062,86.81999969482422
2022-02-04,1806.5999755859373,22.475000381469727,95.4800033569336,1.9299999475479128,107.01448822021484,4500.52978515625,23.21999931335449,28.860218048095703,92.30999755859376
2022-02-11,1840.800048828125,23.36599922180176,96.08000183105467,1.955000042915344,107.13541412353516,4418.64013671875,27.36000061035156,30.787397384643555,93.0999984741211
2022-02-18,1898.5999755859373,23.99099922180176,96.04000091552734,1.932000041007996,107.21312713623048,4348.8701171875,27.75,32.7525520324707,91.06999969482422
2022-02-25,1886.5,23.996999740600582,96.62000274658205,1.9859999418258667,107.96450805664062,4384.64990234375,27.59000015258789,32.64812088012695,91.58999633789062
2022-03-04,1965.0999755859373,25.78199958801269,98.6500015258789,1.7239999771118164,110.61642456054688,4328.8701171875,31.979999542236328,35.50566482543945,115.68000030517578
2022-03-11,1982.699951171875,26.106000900268555,99.12000274658205,2.003999948501587,111.17879486083984,4204.31005859375,30.75,36.3505859375,109.33000183105467
2022-03-18,1928.199951171875,25.05500030517578,98.2300033569336,2.1480000019073486,109.63876342773438,4463.1201171875,23.8700008392334,35.33478164672852,104.6999969482422
2022-03-25,1953.800048828125,25.59499931335449,98.80999755859376,2.492000102996826,108.10731506347656,4543.06005859375,20.809999465942383,36.75880813598633,113.9000015258789
2022-04-01,1919.0999755859373,24.64200019836425,98.62999725341795,2.377000093460083,107.18470001220705,4545.85986328125,19.6299991607666,37.48980331420898,99.2699966430664
2022-04-08,1941.5999755859373,24.819000244140625,99.8000030517578,2.713000059127808,105.91334533691406,4488.27978515625,21.15999984741211,37.66068649291992,98.26000213623048
2022-04-15,1970.9000244140625,25.690000534057617,100.31999969482422,2.828000068664551,105.51278686523438,4392.58984375,22.700000762939453,38.79041290283203,106.9499969482422
2022-04-22,1931.0,24.256999969482425,101.22000122070312,2.9059998989105225,105.73049926757812,4271.77978515625,28.209999084472656,35.068965911865234,102.06999969482422
2022-04-29,1909.300048828125,23.040000915527344,102.95999908447266,2.88700008392334,105.42572021484376,4131.93017578125,33.400001525878906,33.21773147583008,104.69000244140624
2022-05-06,1881.199951171875,22.325000762939453,103.66000366210938,3.122999906539917,103.71268463134766,4123.33984375,30.190000534057617,32.50572204589844,109.7699966430664
2022-05-13,1807.4000244140625,20.983999252319336,104.55999755859376,2.934999942779541,104.1777801513672,4023.889892578125,28.8700008392334,29.315906524658203,110.48999786376952
2022-05-20,1841.800048828125,21.66900062561035,103.1500015258789,2.7869999408721924,104.0812530517578,3901.360107421875,29.43000030517578,30.436140060424805,113.2300033569336
2022-05-27,1851.300048828125,22.059999465942383,101.66999816894533,2.743000030517578,105.12555694580078,4158.240234375,25.71999931335449,30.86334228515625,115.06999969482422
2022-06-03,1845.4000244140625,21.88999938964844,102.13999938964844,2.9570000171661377,105.03392791748048,4108.5400390625,24.790000915527344,30.91081428527832,118.87000274658205
2022-06-10,1871.5,21.913000106811523,104.1500015258789,3.1559998989105225,103.86204528808594,3900.860107421875,27.75,30.920307159423828,120.66999816894533
2022-06-17,1835.5999755859373,21.57299995422364,104.6999969482422,3.239000082015991,101.85565185546876,3674.840087890625,31.1299991607666,28.850725173950195,109.55999755859376
2022-06-24,1826.5,21.11599922180176,104.19000244140624,3.125,102.4859848022461,3911.739990234375,27.229999542236328,28.157699584960938,107.62000274658205
2022-07-01,1798.9000244140625,19.597000122070312,105.13999938964844,2.888999938964844,102.75594329833984,3825.330078125,26.700000762939453,26.733673095703125,108.43000030517578
2022-07-08,1740.5999755859375,19.16699981689453,107.01000213623048,3.1010000705718994,101.2748794555664,3899.3798828125,24.63999938964844,25.68939208984375,104.79000091552734
2022-07-15,1702.4000244140625,18.54800033569336,108.05999755859376,2.930000066757202,102.26525115966795,3863.159912109375,24.229999542236328,24.29384994506836,97.58999633789062
2022-07-22,1727.0999755859375,18.584999084472656,106.7300033569336,2.782999992370605,103.43404388427734,3961.6298828125,23.030000686645508,24.12296485900879,94.6999969482422
2022-07-29,1762.9000244140625,20.1560001373291,105.9000015258789,2.6419999599456787,105.4861297607422,4130.2900390625,21.32999992370605,24.93940544128418,98.62000274658205
2022-08-05,1772.9000244140625,19.819000244140625,106.62000274658205,2.8399999141693115,103.76879119873048,4145.18994140625,21.14999961853028,24.948898315429688,89.01000213623047
2022-08-12,1798.5999755859375,20.677000045776367,105.62999725341795,2.8489999771118164,104.05712127685548,4280.14990234375,19.530000686645508,25.841285705566406,92.08999633789062
2022-08-19,1747.5999755859375,19.058000564575195,108.16999816894533,2.989000082015991,104.0120849609375,4228.47998046875,20.600000381469727,23.9710693359375,90.7699966430664
2022-08-26,1736.0999755859375,18.739999771118164,108.8000030517578,3.0350000858306885,104.13821411132812,4057.659912109375,25.559999465942383,23.63879776000977,93.05999755859376
2022-09-02,1709.800048828125,17.775999069213867,109.52999877929688,3.193000078201294,102.45833587646484,3924.260009765625,25.46999931335449,22.585018157958984,86.87000274658203
2022-09-09,1716.199951171875,18.65800094604492,109.0,3.321000099182129,101.3815689086914,4067.360107421875,22.790000915527344,23.82866668701172,86.79000091552734
2022-09-16,1671.699951171875,19.29599952697754,109.76000213623048,3.447999954223633,100.10401153564452,3873.330078125,26.299999237060547,22.78438186645508,85.11000061035156
2022-09-23,1645.300048828125,18.840999603271484,113.19000244140624,3.697000026702881,98.13296508789062,3693.22998046875,29.920000076293945,21.30339813232422,78.73999786376953
2022-09-30,1662.4000244140625,18.959999084472656,112.12000274658205,3.803999900817871,95.72389221191406,3585.6201171875,31.6200008392334,22.898305892944336,79.48999786376953
2022-10-07,1700.5,20.191999435424805,112.8000030517578,3.882999897003174,96.28052520751952,3639.659912109375,31.36000061035156,23.15462875366211,92.63999938964844
2022-10-14,1641.699951171875,18.01499938964844,113.30999755859376,4.010000228881836,96.44480895996094,3583.070068359375,32.02000045776367,21.5692138671875,85.61000061035156
2022-10-21,1651.0,19.042999267578125,112.01000213623048,4.2129998207092285,96.11628723144533,3752.75,29.690000534057617,23.107162475585938,85.05000305175781
2022-10-28,1639.5999755859375,19.14699935913086,110.66999816894533,4.010000228881836,97.2204360961914,3901.06005859375,25.75,23.467914581298828,87.9000015258789
2022-11-04,1672.5,20.790000915527344,110.87999725341795,4.156000137329102,96.12539672851562,3770.550048828125,24.549999237060547,23.686264038085938,92.61000061035156
2022-11-11,1766.0,21.645999908447266,106.29000091552734,3.812999963760376,97.72232818603516,3992.929931640625,22.520000457763672,26.8665828704834,88.95999908447266
2022-11-18,1751.9000244140625,20.97599983215332,106.93000030517578,3.818000078201294,96.71856689453124,3965.340087890625,23.1200008392334,25.983692169189453,80.08000183105469
2022-11-25,1753.300048828125,21.424999237060547,105.95999908447266,3.690999984741211,98.06909942626952,4026.1201171875,20.5,26.999494552612305,76.27999877929688
2022-12-02,1795.9000244140625,23.038000106811523,104.5500030517578,3.50600004196167,100.66372680664062,4071.699951171875,19.059999465942383,28.404529571533203,79.9800033569336
2022-12-09,1798.0999755859375,23.53499984741211,104.80999755859376,3.566999912261963,99.06490325927734,3934.3798828125,22.82999992370605,27.59758377075196,71.0199966430664
2022-12-16,1790.0,23.150999069213867,104.6999969482422,3.4820001125335693,98.60552978515624,3852.360107421875,22.6200008392334,27.1513900756836,74.29000091552734
2022-12-23,1795.9000244140625,23.763999938964844,104.30999755859376,3.750999927520752,98.00971221923828,3844.820068359375,20.8700008392334,27.87158966064453,79.55999755859375
2022-12-30,1819.699951171875,23.86199951171875,103.5199966430664,3.878999948501587,97.56062316894533,3839.5,21.670000076293945,27.668851852416992,80.26000213623047
2023-01-06,1864.199951171875,23.82200050354004,103.87999725341795,3.569000005722046,98.8988037109375,3895.080078125,21.1299991607666,30.46856117248535,73.7699966430664
2023-01-13,1918.4000244140625,24.231000900268555,102.1999969482422,3.510999917984009,99.14630126953124,3999.090087890625,18.350000381469727,31.520864486694336,79.86000061035156
2023-01-20,1926.4000244140625,23.82999992370605,102.01000213623048,3.483999967575073,99.5862808227539,3972.610107421875,19.850000381469727,31.29881858825684,81.30999755859375
2023-01-27,1928.5999755859373,23.527000427246094,101.93000030517578,3.5179998874664307,100.03536987304688,4070.56005859375,18.51000022888184,31.192625045776367,79.68000030517578
2023-02-03,1862.9000244140625,22.333999633789062,102.91999816894533,3.532000064849853,99.18294525146484,4136.47998046875,18.32999992370605,29.271446228027344,73.38999938964844
2023-02-10,1862.800048828125,22.03400039672852,103.62999725341795,3.74399995803833,98.69718170166016,4090.4599609375,20.530000686645508,28.595653533935547,79.72000122070312
2023-02-17,1840.4000244140625,21.694000244140625,103.86000061035156,3.828000068664551,98.4863510131836,4079.090087890625,20.020000457763672,27.42749786376953,76.33999633789062
2023-02-24,1808.800048828125,20.80599975585937,105.20999908447266,3.9489998817443848,97.67060089111328,3970.0400390625,21.670000076293945,26.056604385375977,76.31999969482422
2023-03-03,1847.699951171875,21.093000411987305,104.5199966430664,3.96399998664856,98.9996566772461,4045.639892578125,18.489999771118164,27.639890670776367,79.68000030517578
2023-03-10,1862.0,20.375,104.58000183105467,3.694999933242798,99.07296752929688,3861.590087890625,24.799999237060547,26.25934410095215,76.68000030517578
2023-03-17,1969.800048828125,22.35099983215332,103.70999908447266,3.3949999809265137,99.55874633789062,3916.639892578125,25.51000022888184,29.52245330810547,66.73999786376953
2023-03-24,1982.0999755859373,23.246999740600582,103.12000274658205,3.380000114440918,100.73198699951172,3970.989990234375,21.739999771118164,30.458908081054688,69.26000213623047
2023-03-31,1969.0,24.076000213623047,102.51000213623048,3.49399995803833,101.05278778076172,4109.31005859375,18.700000762939453,31.231239318847656,75.66999816894531
2023-04-07,2011.9000244140625,25.02499961853028,101.81999969482422,3.2880001068115234,101.99518585205078,4105.02001953125,18.39999961853028,33.23931121826172,80.69999694824219
2023-04-14,2002.199951171875,25.42399978637696,101.5500030517578,3.5220000743865967,100.7930908203125,4137.64013671875,17.06999969482422,33.87648391723633,82.5199966430664
2023-04-21,1979.5,25.05299949645996,101.81999969482422,3.569999933242798,100.70130920410156,4133.52001953125,16.770000457763672,32.44766616821289,77.87000274658203
2023-04-28,1990.0999755859373,24.999000549316406,101.66999816894533,3.45199990272522,101.10506439208984,4169.47998046875,15.779999732971191,32.41870880126953,76.77999877929688
2023-05-05,2017.4000244140625,25.74300003051757,101.20999908447266,3.446000099182129,101.26097106933594,4136.25,17.190000534057617,34.17576599121094,71.33999633789062
2023-05-12,2014.5,23.992000579833984,102.68000030517578,3.463000059127808,100.92888641357422,4124.080078125,17.030000686645508,32.438011169433594,70.04000091552734
2023-05-19,1978.699951171875,23.920000076293945,103.1999969482422,3.691999912261963,99.8957977294922,4191.97998046875,16.809999465942383,31.04781150817871,71.55000305175781
2023-05-26,1944.0999755859373,23.239999771118164,104.20999908447266,3.809999942779541,99.37004089355467,4205.4501953125,17.950000762939453,29.358333587646484,72.66999816894531
2023-06-02,1952.4000244140625,23.64299964904785,104.0199966430664,3.690999984741211,99.56555938720705,4282.3701171875,14.600000381469728,30.32374763488769,71.73999786376953
2023-06-09,1962.199951171875,24.333999633789062,103.55999755859376,3.744999885559082,99.50080108642578,4298.85986328125,13.829999923706056,30.00516128540039,70.16999816894531
2023-06-16,1958.4000244140625,24.076000213623047,102.3000030517578,3.7690000534057617,99.69506072998048,4409.58984375,13.539999961853027,30.304441452026367,71.77999877929688
2023-06-23,1919.0999755859373,22.327999114990234,102.9000015258789,3.739000082015991,99.80606842041016,4348.330078125,13.4399995803833,28.759775161743164,69.16000366210938
2023-06-30,1921.0999755859373,22.809999465942383,102.91000366210938,3.819000005722046,99.55628967285156,4450.3798828125,13.59000015258789,29.068708419799805,70.63999938964844
2023-07-07,1926.199951171875,23.09199905395508,102.2699966430664,4.050000190734863,98.37966918945312,4398.9501953125,14.829999923706056,28.43153190612793,73.86000061035156
2023-07-14,1960.0999755859373,25.013999938964844,99.91000366210938,3.819000005722046,99.56932067871094,4505.419921875,13.34000015258789,30.85472679138184,75.41999816894531
2023-07-21,1964.300048828125,24.69799995422364,101.06999969482422,3.836999893188477,100.01544952392578,4536.33984375,13.600000381469728,30.40098190307617,77.06999969482422
2023-07-28,1960.4000244140625,24.3700008392334,101.62000274658205,3.9690001010894775,99.56932067871094,4582.22998046875,13.329999923706056,29.657611846923828,80.58000183105469
2023-08-04,1939.5999755859373,23.617000579833984,102.0199966430664,4.059999942779541,99.160400390625,4478.02978515625,17.100000381469727,28.53772735595703,82.81999969482422
2023-08-11,1912.9000244140625,22.67399978637696,102.83999633789062,4.168000221252441,98.527099609375,4464.0498046875,14.84000015258789,28.4411849975586,83.19000244140625
2023-08-18,1886.0999755859373,22.69499969482422,103.37999725341795,4.250999927520752,97.86585235595705,4369.7099609375,17.299999237060547,26.50069808959961,81.25
2023-08-25,1911.0999755859373,24.21999931335449,104.08000183105467,4.238999843597412,98.19180297851562,4405.7099609375,15.68000030517578,27.417842864990234,79.83000183105469
2023-09-01,1939.800048828125,24.23200035095215,104.23999786376952,4.172999858856201,98.27687072753906,4515.77001953125,13.09000015258789,28.083982467651367,85.55000305175781
2023-09-08,1918.4000244140625,22.89200019836425,105.08999633789062,4.257999897003174,98.51041412353516,4457.490234375,13.84000015258789,27.359920501708984,87.51000213623047
2023-09-15,1923.699951171875,23.1259994506836,105.31999969482422,4.322000026702881,98.19278717041016,4450.31982421875,13.789999961853027,28.69219398498535,90.7699966430664
2023-09-22,1925.4000244140625,23.59600067138672,105.58000183105467,4.438000202178955,97.73503875732422,4320.06005859375,17.200000762939453,27.87158966064453,90.02999877929688
2023-09-29,1848.0999755859373,22.23600006103516,106.16999816894533,4.572999954223633,96.8942642211914,4288.0498046875,17.520000457763672,25.97937393188477,90.79000091552734
2023-10-06,1830.199951171875,21.540000915527344,106.04000091552734,4.783999919891357,95.55712890625,4308.5,17.450000762939453,25.96006202697754,82.79000091552734
2023-10-13,1927.4000244140625,22.72699928283692,106.6500015258789,4.629000186920166,96.97940063476562,4327.77978515625,19.31999969482422,27.948823928833008,87.69000244140625
2023-10-20,1982.5,23.35099983215332,106.16000366210938,4.923999786376953,96.23082733154295,4224.16015625,21.709999084472656,28.460493087768555,88.75
2023-10-27,1988.5999755859373,22.770000457763672,106.55999755859376,4.84499979019165,96.58641815185548,4117.3701171875,21.270000457763672,28.19017791748047,85.54000091552734
2023-11-03,1991.5,23.201000213623047,105.0199966430664,4.558000087738037,97.97162628173828,4358.33984375,14.90999984741211,28.45083999633789,80.51000213623047
2023-11-10,1932.5999755859373,22.21500015258789,105.86000061035156,4.627999782562256,97.40770721435548,4415.240234375,14.170000076293944,26.30761337280273,77.16999816894531
2023-11-17,1981.5999755859373,23.80900001525879,103.81999969482422,4.440999984741211,98.17837524414062,4514.02001953125,13.800000190734863,27.446807861328125,75.88999938964844
2023-11-24,2002.199951171875,24.32900047302246,103.4000015258789,4.4720001220703125,97.94343566894533,4559.33984375,12.460000038146973,28.306028366088867,75.54000091552734
2023-12-01,2071.0,25.499000549316406,103.2699966430664,4.22599983215332,99.36949920654295,4594.6298828125,12.630000114440918,30.70991516113281,74.06999969482422
2023-12-08,1998.300048828125,22.97100067138672,104.01000213623048,4.244999885559082,99.3883285522461,4604.3701171875,12.350000381469728,28.65357780456543,71.2300033569336
2023-12-15,2021.0999755859373,23.8700008392334,102.5500030517578,3.927999973297119,101.4045639038086,4719.18994140625,12.279999732971191,29.879657745361328,71.43000030517578
2023-12-22,2057.10009765625,24.290000915527344,101.6999969482422,3.901000022888184,101.20669555664062,4754.6298828125,13.029999732971191,30.96886444091797,73.55999755859375
2023-12-29,2062.39990234375,23.85300064086914,101.33000183105467,3.865999937057495,101.2726593017578,4769.830078125,12.449999809265137,30.429168701171875,71.6500015258789
2024-01-05,2042.4000244140625,23.121999740600582,102.41000366210938,4.041999816894531,100.59429168701172,4697.240234375,13.350000381469728,29.21239471435547,73.80999755859375
2024-01-12,2046.699951171875,23.16200065612793,102.4000015258789,3.950000047683716,101.5552978515625,4783.830078125,12.699999809265137,29.143705368041992,72.68000030517578
2024-01-19,2026.5,22.57099914550781,103.29000091552734,4.145999908447266,100.82984161376952,4839.81005859375,13.300000190734863,27.17135238647461,73.41000366210938
2024-01-26,2016.800048828125,22.7549991607666,103.47000122070312,4.159999847412109,100.55661010742188,4890.97021484375,13.260000228881836,27.544235229492188,78.01000213623047
2024-02-02,2036.0999755859373,22.701000213623047,103.91999816894533,4.0329999923706055,100.81101989746094,4958.60986328125,13.850000381469728,27.49517250061035,72.27999877929688
2024-02-09,2023.300048828125,22.527999877929688,104.08000183105467,4.186999797821045,100.17974853515624,5026.60986328125,12.93000030517578,26.4648380279541,76.83999633789062
2024-02-16,2011.5,23.43899917602539,104.27999877929688,4.295000076293945,100.01959991455078,5005.56982421875,14.239999771118164,26.35690116882324,79.19000244140625
2024-02-23,2038.5999755859373,22.9689998626709,103.94000244140624,4.260000228881836,100.07611083984376,5088.7998046875,13.75,26.16064643859864,76.48999786376953
2024-03-01,2086.89990234375,23.14999961853028,103.86000061035156,4.179999828338623,100.924072265625,5137.080078125,13.109999656677246,26.818096160888672,79.97000122070312
2024-03-08,2178.60009765625,24.339000701904297,102.73999786376952,4.089000225067139,101.36688232421876,5123.68994140625,14.739999771118164,29.084829330444336,78.01000213623047
2024-03-15,2157.300048828125,25.200000762939453,103.43000030517578,4.303999900817871,100.17032623291016,5117.08984375,14.40999984741211,29.33014488220215,81.04000091552734
2024-03-22,2158.10009765625,24.691999435424805,104.43000030517578,4.2179999351501465,101.14075469970705,5234.18017578125,13.0600004196167,29.045578002929688,80.62999725341797
2024-03-29,2217.39990234375,24.79700088500977,104.5500030517578,4.205999851226807,101.19728088378906,5254.35009765625,13.010000228881836,31.02774429321289,83.16999816894531
2024-04-05,2325.699951171875,27.39999961853028,104.3000030517578,4.377999782562256,100.52323150634766,5204.33984375,16.030000686645508,33.20616149902344,86.91000366210938
2024-04-12,2356.199951171875,28.2549991607666,106.04000091552734,4.499000072479248,100.04244232177734,5123.41015625,17.309999465942383,33.127655029296875,85.66000366210938
2024-04-19,2398.39990234375,28.808000564575195,106.1500015258789,4.614999771118164,99.72191619873048,4967.22998046875,18.709999084472656,33.43185043334961,83.13999938964844
2024-04-26,2334.800048828125,27.24099922180176,105.94000244140624,4.669000148773193,99.72191619873048,5099.9599609375,15.029999732971191,33.93230056762695,83.8499984741211
2024-05-03,2299.0,26.44499969482422,105.02999877929688,4.5,100.52342224121094,5127.7900390625,13.489999771118164,32.81365203857422,78.11000061035156
2024-05-10,2367.300048828125,28.27499961853028,105.30999755859376,4.504000186920166,100.6373291015625,5222.68017578125,12.550000190734863,34.589752197265625,78.26000213623047
2024-05-17,2412.199951171875,31.04700088500977,104.4499969482422,4.420000076293945,101.1402816772461,5303.27001953125,11.989999771118164,36.17940521240234,80.05999755859375
2024-05-24,2332.5,30.32999992370605,104.72000122070312,4.4670000076293945,101.00743103027344,5304.72021484375,11.93000030517578,34.59955978393555,77.72000122070312
2024-05-31,2322.89990234375,30.29700088500977,104.66999816894533,4.513999938964844,101.25414276123048,5277.509765625,12.920000076293944,34.63881301879883,76.98999786376953
2024-06-07,2305.199951171875,29.334999084472656,104.88999938964844,4.429999828338623,101.32772827148438,5346.990234375,12.220000267028809,32.91178131103516,75.52999877929688
2024-06-14,2331.39990234375,29.402000427246094,105.5500030517578,4.2129998207092285,102.1398468017578,5431.60009765625,12.65999984741211,32.78421401977539,78.44999694824219
2024-06-21,2316.39990234375,29.57299995422364,105.8000030517578,4.256999969482422,102.2736358642578,5464.6201171875,13.199999809265137,33.353355407714844,80.7300033569336
2024-06-28,2327.699951171875,29.23699951171875,105.87000274658205,4.3429999351501465,102.02519989013672,5460.47998046875,12.4399995803833,33.29447555541992,81.54000091552734
2024-07-05,2388.5,31.38800048828125,104.87999725341795,4.271999835968018,102.67472076416016,5567.18994140625,12.479999542236328,35.59064483642578,83.16000366210938
2024-07-12,2414.0,30.88599967956543,104.08999633789062,4.189000129699707,103.14482879638672,5615.35009765625,12.460000038146973,37.455055236816406,82.20999908447266
2024-07-19,2395.5,29.08799934387207,104.4000015258789,4.238999843597412,102.95294952392578,5505.0,16.520000457763672,36.68966674804688,80.12999725341797
2024-07-26,2380.0,27.86000061035156,104.31999969482422,4.199999809265137,103.03929901123048,5459.10009765625,16.389999389648438,35.79671096801758,77.16000366210938
2024-08-02,2425.699951171875,28.246000289916992,103.20999908447266,3.7920000553131104,104.42472839355467,5346.56005859375,23.38999938964844,35.79671096801758,73.5199966430664
2024-08-09,2432.10009765625,27.48699951171875,103.13999938964844,3.941999912261963,103.97308349609376,5344.16015625,20.3700008392334,35.168701171875,76.83999633789062
2024-08-16,2498.60009765625,28.777999877929688,102.45999908447266,3.891999959945679,104.15565490722656,5554.25,14.800000190734863,37.7690658569336,76.6500015258789
2024-08-23,2508.39990234375,29.785999298095703,100.72000122070312,3.806999921798706,105.09738159179688,5634.60986328125,15.859999656677246,38.60314178466797,74.83000183105469
2024-08-30,2493.800048828125,28.731000900268555,101.6999969482422,3.91100001335144,104.61690521240234,5648.39990234375,15.0,37.89662551879883,73.55000305175781
2024-09-06,2493.5,27.808000564575195,101.18000030517578,3.7100000381469727,105.24168395996094,5408.419921875,22.3799991607666,35.63970947265625,67.66999816894531
2024-09-13,2581.300048828125,30.698999404907227,101.11000061035156,3.650000095367432,106.15481567382812,5626.02001953125,16.559999465942383,39.33909606933594,68.6500015258789
2024-09-20,2619.89990234375,31.176000595092773,100.72000122070312,3.7279999256134033,106.26057434082033,5702.5498046875,16.149999618530273,39.75122833251953,71.91999816894531
2024-09-27,2644.300048828125,31.518999099731445,100.41999816894533,3.749000072479248,106.25093841552734,5738.169921875,16.959999084472656,39.60403823852539,68.18000030517578
2024-10-04,2645.800048828125,32.12799835205078,102.5199966430664,3.9809999465942383,105.2618179321289,5751.06982421875,19.209999084472656,38.809207916259766,74.37999725341797
2024-10-11,2657.60009765625,31.520000457763672,102.88999938964844,4.072999954223633,105.34842681884766,5815.02978515625,20.459999084472656,39.299842834472656,75.55999755859375
2024-10-18,2713.699951171875,33.03200149536133,103.48999786376952,4.072999954223633,105.23294067382812,5864.669921875,18.030000686645508,42.34178161621094,69.22000122070312
2024-10-25,2740.89990234375,33.60300064086914,104.26000213623048,4.23199987411499,104.18408203125,5808.1201171875,20.32999992370605,40.78156280517578,71.77999877929688
2024-11-01,2738.60009765625,32.54199981689453,104.27999877929688,4.361000061035156,103.77860260009766,5728.7998046875,21.8799991607666,39.10358810424805,69.48999786376953
2024-11-08,2687.5,31.358999252319336,105.0,4.306000232696533,104.55867004394533,5995.5400390625,14.9399995803833,38.28913497924805,70.37999725341797
2024-11-15,2565.699951171875,30.371000289916992,106.69000244140624,4.427999973297119,103.48005676269533,5870.6201171875,16.139999389648438,34.844879150390625,67.0199966430664
2024-11-22,2709.89990234375,31.30900001525879,107.48999786376952,4.409999847412109,103.7882308959961,5969.33984375,15.239999771118164,37.56299591064453,71.23999786376953
2024-11-29,2657.0,30.684999465942383,105.73999786376952,4.177999973297119,104.74166107177734,6032.3798828125,13.510000228881836,36.9546127319336,68.0
2024-12-06,2638.60009765625,31.18600082397461,105.97000122070312,4.151000022888184,104.99248504638672,6090.27001953125,12.770000457763672,36.13034057617188,67.19999694824219
2024-12-13,2656.0,30.655000686645508,107.0,4.39900016784668,103.97950744628906,6051.08984375,13.8100004196167,35.963531494140625,71.29000091552734
2024-12-20,2628.699951171875,29.65999984741211,107.62000274658205,4.52400016784668,102.9363021850586,5930.85009765625,18.36000061035156,34.079490661621094,69.45999908447266
2024-12-27,2617.199951171875,29.655000686645508,108.0,4.61899995803833,102.77206420898438,5970.83984375,15.949999809265137,34.012969970703125,70.5999984741211
2025-01-03,2645.0,29.80599975585937,108.9499969482422,4.5960001945495605,102.88799285888672,5942.47021484375,16.1299991607666,34.74763870239258,73.95999908447266
2025-01-10,2708.5,31.090999603271484,109.6500015258789,4.776000022888184,102.62712097167967,5827.0400390625,19.540000915527344,35.71064376831055,76.56999969482422
2025-01-17,2744.300048828125,30.951000213623047,109.3499984741211,4.609000205993652,103.55465698242188,5996.66015625,15.970000267028809,36.48501968383789,77.87999725341797
2025-01-24,2777.300048828125,31.02300071716309,107.44000244140624,4.625999927520752,103.7961883544922,6101.240234375,14.850000381469728,37.676368713378906,74.66000366210938
2025-01-31,2812.5,32.12799835205078,108.37000274658205,4.568999767303467,104.35658264160156,6040.52978515625,16.43000030517578,38.67908477783203,72.52999877929688
2025-02-07,2867.300048828125,32.334999084472656,108.04000091552734,4.486999988555908,104.77203369140624,6025.990234375,16.540000915527344,40.56538391113281,71.0
2025-02-14,2883.60009765625,32.80099868774414,106.56999969482422,4.4720001220703125,104.93628692626952,6114.6298828125,14.770000457763672,40.78379821777344,70.73999786376953
2025-02-21,2937.60009765625,32.97600173950195,106.61000061035156,4.420000076293945,105.2357940673828,6013.1298828125,18.209999084472656,40.50581741333008,70.4000015258789
2025-02-28,2836.800048828125,31.2189998626709,107.61000061035156,4.230999946594238,106.60775756835938,5954.5,19.6299991607666,39.4336051940918,69.76000213623047
2025-03-07,2904.699951171875,32.54800033569336,103.83999633789062,4.316999912261963,105.7575454711914,5770.2001953125,23.3700008392334,41.33975982666016,67.04000091552734
2025-03-14,2994.5,34.1870002746582,103.72000122070312,4.308000087738037,105.71888732910156,5638.93994140625,21.770000457763672,43.325340270996094,67.18000030517578
2025-03-21,3018.199951171875,33.290000915527344,104.08999633789062,4.251999855041504,106.3758773803711,5667.56005859375,19.280000686645508,44.17913818359375,68.27999877929688
2025-03-28,3086.5,34.64400100708008,104.04000091552734,4.255000114440918,106.90727996826172,5580.93994140625,21.64999961853028,45.24142456054688,69.36000061035156
2025-04-04,3012.0,29.11599922180176,103.0199966430664,3.984999895095825,107.54534912109376,5074.080078125,45.310001373291016,41.37947082519531,61.9900016784668
2025-04-11,3222.199951171875,31.823999404907227,99.77999877929688,4.493000030517578,104.9879913330078,5363.35986328125,37.560001373291016,49.341644287109375,61.5
2025-04-18,3308.699951171875,32.41999816894531,99.37999725341795,4.333000183105469,106.01872253417967,5282.7001953125,29.64999961853028,50.5528450012207,64.68000030517578
2025-04-25,3282.39990234375,32.98899841308594,99.47000122070312,4.265999794006348,106.78689575195312,5525.2099609375,24.84000015258789,48.45806121826172,63.02000045776367
2025-05-02,3231.89990234375,31.98900032043457,100.0,4.322000026702881,106.544189453125,5686.669921875,22.68000030517578,46.740535736083984,58.290000915527344
2025-05-09,3335.39990234375,32.67599868774414,100.33999633789062,4.375,106.58329010009766,5659.91015625,21.89999961853028,50.006813049316406,61.02000045776367
2025-05-16,3182.0,32.15800094604492,101.08999633789062,4.440999984741211,106.38784790039062,5958.3798828125,17.239999771118164,45.99594497680664,62.4900016784668
2025-05-23,3363.60009765625,33.44200134277344,99.11000061035156,4.508999824523926,106.07518005371094,5802.81982421875,22.290000915527344,50.16565704345703,61.52999877929688
2025-05-30,3288.89990234375,32.891998291015625,99.33000183105467,4.415999889373779,106.78846740722656,5911.68994140625,18.56999969482422,50.28479766845703,60.790000915527344
2025-06-06,3322.699951171875,36.025001525878906,99.19000244140624,4.510000228881836,105.8608169555664,6000.35986328125,16.770000457763672,51.24779891967773,64.58000183105469
2025-06-13,3431.199951171875,36.28099822998047,98.18000030517578,4.423999786376953,106.37999725341795,5976.97021484375,20.81999969482422,54.06732177734375,72.9800033569336
2025-06-20,3368.10009765625,35.97600173950195,98.70999908447266,4.375,107.0558853149414,5967.83984375,20.6200008392334,51.91297149658203,74.93000030517578
2025-06-27,3273.699951171875,36.0369987487793,97.4000015258789,4.2829999923706055,107.51628112792967,6173.06982421875,16.31999969482422,50.36421585083008,65.5199966430664
2025-07-04,3332.5,36.775001525878906,97.18000030517578,4.3480000495910645,107.49567413330078,6279.35009765625,16.3799991607666,52.52849960327149,66.5
2025-07-11,3356.0,38.67599868774414,97.8499984741211,4.422999858856201,107.46619415283205,6259.75,16.399999618530273,52.042030334472656,68.44999694824219
2025-07-18,3353.0,38.22299957275391,98.4800033569336,4.432000160217285,107.82987213134766,6296.7900390625,16.40999984741211,50.76133346557617,67.33999633789062
2025-07-25,3334.0,38.16699981689453,97.6500015258789,4.386000156402588,107.9576644897461,6388.64013671875,14.93000030517578,53.570926666259766,65.16000366210938
2025-08-01,3347.699951171875,36.7869987487793,98.69000244140624,4.21999979019165,108.55316925048828,6238.009765625,20.3799991607666,52.071815490722656,67.33000183105469
2025-08-08,3439.10009765625,38.41699981689453,98.18000030517578,4.284999847412109,108.73053741455078,6389.4501953125,15.149999618530272,57.6413688659668,63.880001068115234
2025-08-15,3336.0,37.89400100708008,97.8499984741211,4.328000068664551,108.42507934570312,6449.7998046875,15.09000015258789,57.85977935791016,62.79999923706055
2025-08-22,3374.39990234375,39.00299835205078,97.72000122070312,4.260000228881836,109.29216766357422,6466.91015625,14.220000267028809,59.74607849121094,63.65999984741211
2025-08-29,3473.699951171875,40.20000076293945,97.7699966430664,4.227000236511231,109.53849792480467,6460.259765625,15.359999656677246,62.71451950073242,64.01000213623047
2025-09-05,3613.199951171875,41.07400131225586,97.7699966430664,4.085999965667725,110.2377471923828,6481.5,15.18000030517578,65.86166381835938,61.869998931884766
2025-09-12,3649.39990234375,42.387001037597656,97.5500030517578,4.060999870300293,110.44544219970705,6584.2900390625,14.760000228881836,69.24707794189453,62.68999862670898
2025-09-19,3671.5,42.5359992980957,97.63999938964844,4.138999938964844,110.21796417236328,6664.35986328125,15.449999809265137,71.8382568359375,62.68000030517578
2025-09-26,3775.300048828125,46.22100067138672,98.1500015258789,4.186999797821045,109.8915786743164,6643.7001953125,15.289999961853027,74.14153289794922,65.72000122070312
2025-10-03,3880.800048828125,47.59700012207031,97.72000122070312,4.11899995803833,110.0281219482422,6715.7900390625,16.649999618530273,76.52422332763672,60.880001068115234
2025-10-10,3975.89990234375,46.9379997253418,98.9800033569336,4.051000118255615,110.48388671875,6552.509765625,21.65999984741211,75.23359680175781,58.900001525878906
2025-10-17,4189.89990234375,49.86399841308594,98.43000030517578,4.006999969482422,110.6523208618164,6664.009765625,20.780000686645508,78.1623306274414,57.540000915527344
2025-10-24,4118.39990234375,48.37699890136719,98.9499969482422,3.996999979019165,110.9396514892578,6791.68994140625,16.3700008392334,72.27508544921875,61.5
2025-10-31,3982.199951171875,47.99399948120117,99.8000030517578,4.10099983215332,110.35508728027344,6840.2001953125,17.440000534057617,71.54042053222656,60.97999954223633
2025-11-07,3999.39990234375,48.016998291015625,99.5999984741211,4.0929999351501465,110.23680114746094,6728.7998046875,19.07999992370605,72.02689361572266,59.75
2025-11-14,4087.60009765625,50.59000015258789,99.2699966430664,4.1479997634887695,110.08769989013672,6734.10986328125,19.82999992370605,75.6108627319336,60.09000015258789
2025-11-21,4076.699951171875,49.87300109863281,100.18000030517578,4.063000202178955,110.35607147216795,6602.990234375,23.43000030517578,73.11895751953125,58.060001373291016
2025-11-28,4218.2998046875,56.44599914550781,99.45999908447266,4.017000198364258,110.59465026855467,6849.08984375,16.350000381469727,82.6298828125,58.54999923706055
2025-12-05,4212.89990234375,58.422000885009766,98.98999786376952,4.138999938964844,110.108154296875,6870.39990234375,15.40999984741211,80.44573974609375,60.08000183105469
2025-12-12,4300.10009765625,61.36199951171875,98.4000015258789,4.193999767303467,109.88883972167969,6827.41015625,15.739999771118164,85.04236602783203,57.439998626708984
2025-12-19,4361.39990234375,66.84500122070312,98.5999984741211,4.151000022888184,109.94000244140625,6834.5,14.90999984741211,87.1570053100586,56.65999984741211
2025-12-26,4529.10009765625,76.48600006103516,98.0199966430664,4.136000156402588,110.05000305175781,6929.93994140625,13.600000381469727,91.29000091552734,56.7400016784668
2026-01-02,4314.39990234375,70.55599975585938,98.41999816894531,4.186999797821045,109.86000061035156,6858.47021484375,14.510000228881836,85.7300033569336,57.31999969482422
2026-01-09,4490.2998046875,78.88400268554688,99.12999725341797,4.171000003814697,110.18000030517578,6966.27978515625,14.489999771118164,92.55999755859375,59.119998931884766
